,e16.csv
0,'Simple_Living_Slat_Black_Rubberwood_Dining_Chairs_(Set_of_4)'
1,'Safavieh_Cape_Cod_Black_Swivel_Storage_Accent_Table'
2,'angelo:HOME_Hillgate_5_Piece_Dining_Set_in_Antique_Burnt_Oak'
3,'Altra_Round_Espresso_End_Table'
4,'Furniture_of_America_Tepekiie_Two-side_Open_Coffee_Table'
5,'TRIBECCA_HOME_Atelier_Traditional_French_Burnished_Brown_Pedestal_Extending_Dining_Table'
6,'Villa_Faux_Leather_Black_Dining_Chairs_(Set_of_2)'
7,'Jai_Ash_Sofa'
8,'Altra_Elmwood_Double_Pedestal_Desk'
9,'Furniture_of_America_Carpenter_Rustic_Weathered_Oak_Caster_Wheel_Coffee_Table'
10,'Cora_Patterned_Fabric_Accent_Chair'
11,'Simple_Living_Alexa_Round_Pedestal_Dining_Table'
12,'ABBYSON_LIVING_Newport_Double_Cushion_Convertible_Sofa'
13,'Metal_28-inch_Wall_Wine_Rack_'
14,'Ansel_36_x_60_Trestle_Table'
15,'Christopher_Knight_Home_Drake_3-piece_Faux_Leather_Tray_Top_Nested_Storage_Ottoman_Bench'
16,'Finn_Tall_Bookcase'
17,'South_Shore_Morgan_Storage_Cabinet'
18,'ABBYSON_LIVING_Signature_Convertible_Sofa'
19,'Enonville_Scalloped_3-Drawer_Console_Table'
20,'Furniture_of_America_Wakiaka_Unique_Pagoda_Coffee_Table'
21,'Sorrento_Dining_Table'
22,'Cosco_Wood_X-Back_Folding_Chair_2_Pack'
23,'Barcelona_Faux_Leather_Reclining_Living_Room_Sofa'
24,'Greyson_Living_Chester_96-Inch_Dining_Table'
25,'Baxton_Studio_Rudd_Contemporary_Black_White_Shoe_Cabinet_With_2_Doors'
26,'Furniture_of_America_Knox_Dark_Espresso_Storage_Box_Coffee_Table'
27,'INSPIRE_Q_St_Ives_Lift_Top_Faux_Leather_Tufted_Storage_Bench'
28,'Wood_Leg_White_Accent_Chairs_In_White_(Set_of_2)_-_(As_Is_Item)'
29,'Altra_Blackburn_Storage_Bookcase'
30,'Magnussen_Loren_Wood_Large_Round_Dining_Table'
31,'Altra_5_Shelf_Black_Cherry_Bookcase'
32,'Ansel_Trestle_Table'
33,'Greyson_Living_Monoco_Leather_Chairs_(Set_of_2)'
34,'Albany_Wood_Shoe_Storage_Cabinet_with_Mirror_In_Black'
35,'Monastery_Solid_Dark_Planed_Knotty_Oak_Dinette_Table'
36,'TRIBECCA_HOME_Mackenzie_Country_Dining_Table'
37,'Sunny_Designs_Black_Open_Shelving_Unit'
38,'ABBYSON_LIVING_Marquee_Black_Convertible_Sofa'
39,'Signature_Design_by_Ashley_Ralene_Rectangular_Butterfly_Extension_Dining_Table'
40,'Hand-painted_Black_Gold_Accent_Chest'
41,'Etlan_Black_1-Drawer_Corner_Table'
42,'Furniture_of_America_Charlotte_Rustic_Glass_Top_Coffee_Table'
43,'TRIBECCA_HOME_Benchwright_Rustic_Pine_Trestle_Reinforced_Concrete_Dining_Table'
44,'ABBYSON_LIVING_Bella_Black_PU_Leather_Sectional'
45,'Danbury_Metal_Contoured_Upholstered_Dining_Chair_(Set_of_2)'
46,'Somette_Liberty_Light_Oak_2-piece_Dining_Set'
47,'Simple_Living_Rubberwood_Farmhouse_Table'
48,'Altra_Landry_Black_Ebony_Ash_Microwave_Cart'
49,'Greyson_Living_Hampton_Dark_Brown_Cherry_62-inch_Round_Dining_Table'
50,'Furniture_of_America_Briggs_Contemporary_Dark_Walnut_48-inch_Dining_Table'
51,'Simple_Living_5-piece_Burntwood_Dining_Set_'
52,'Altra_Black_Ladder_Frame_Bookcases_(Set_of_2)'
53,'ABBYSON_LIVING_Aspen_Black_Leather_Foldable_Futon_Sleeper_Sofa_Bed'
54,'Altra_5_Shelf_Bookcase'
55,'Allen_2-drawer_Bookcase'
56,'Furniture_of_America_Marque_Functional_Black_Finish_Console_Table'
57,'TRIBECCA_HOME_Eli_Rustic_Two-tone_Ladder_Back_Side_Chairs_(_Set_of_2)'
58,'Mongolia_Mango_Wood_Dining_Table'
59,'Simplify_Half_Round_Console'
60,'Tokyo_Drop_Leaf_Rectangle_Dining_Table'
61,'Hand-painted_Distressed_Black_and_Antique_White_Finish_Accent_Table'
62,'Kosas_Home_Winfrey_Dining_Table'
63,'Cosmo_Oversize_Accent_Chair'
64,'Yaletown_Black_Wall-mounted_Buffet'
65,'Soho_Live_Edge_Dining_Table'
66,'Ralston_Bonded_Leather_Reclining_Sofa'
67,'Cosco_6-foot_Center_Fold_Table'
68,'Bush_Furniture_Birmingham_Lateral_File_in_Antique_Black'
69,'INSPIRE_Q_Marion_Nailhead_Wingback_Tufted_King-sized_Headboard'
70,'Badger_Basket_Sleigh-style_White_Changing_Table'
71,'Idris_Solid_Sheesham_Wood_Console_Table_Dark_Sheesham'
72,'Furniture_of_America_Cosbin_Bold_Antique_Black_3-drawer_Sofa_Table'
73,'Ralston_Bonded_Leather_Reclining_Loveseat'
74,'Wood_Leg_Accent_Chairs_(Set_of_2)'
75,'Solid_Pine_Industrial_Wood_Sideboard'
76,'angelo:HOME_Hillgate_Antique_Burnt_Oak_Rectangular_Dining_Table'
77,'Simple_Living_Layla_Black_Buffet'
78,'Black_Finish_Console_Sofa_Entry_Table_with_Drawer'
79,'Kosas_Home_Scotto_Dining_Table'
80,'Grace_Flower_Patterned_Fabric_Accent_Chair'
81,'Distressed_Reclaimed-look_Black_Dining_Table'
82,'Christopher_Knight_Home_Outdoor_Puerta_5-piece_Wicker_Sectional_Sofa_Set_with_Cushions'
83,'Greyson_Living_Monoco_48-inch_Round_Glass_Top_Table'
84,'Simple_Living_Wing_Recliner'
85,'Cosco_Outdoor_Jamaica_4-piece_Resin_Wicker_Conversation_Set'
86,'INSPIRE_Q_Huntington_Trestle_Baluster_Extending_Dining_Table'
87,'WYNDENHALL_Norfolk_End_Table'
88,'TRIBECCA_HOME_Myra_Vintage_Industrial_Modern_Rustic_Cocktail_Table'
